{
  "name": "DED ERP System",
  "version": "2.0.0",
  "export_date": "2026-01-15T04:12:15.665985",
  "features": [
    "نظام نقاط البيع (POS)",
    "إدارة المخزون",
    "إدارة المبيعات",
    "إدارة المشتريات",
    "النظام المحاسبي",
    "إدارة الموارد البشرية",
    "إدارة علاقات العملاء (CRM)",
    "نظام التراخيص",
    "التقارير والإحصائيات",
    "دعم اللغة العربية",
    "تكامل POS مع فواتير المبيعات"
  ],
  "requirements": {
    "python": "3.8+",
    "database": "SQLite / PostgreSQL",
    "web_server": "Flask"
  }
}